<?xml version="1.0"?>
<!DOCTYPE module PUBLIC
        "-//Checkstyle//DTD Checkstyle Configuration 1.3//EN"
        "https://checkstyle.org/dtds/configuration_1_3.dtd">

<module name = "Checker">
    <property name="charset" value="UTF-8"/>

    <property name="severity" value="warning"/>

    <property name="fileExtensions" value="java, properties, xml"/>
    <module name="FileTabCharacter">
        <property name="eachLine" value="true"/>
    </module>

    <module name="TreeWalker">
        <module name="OuterTypeFilename"/>
        <module name="AvoidEscapedUnicodeCharacters">
            <property name="allowEscapesForControlCharacters" value="false"/>
            <property name="allowByTailComment" value="true"/>
            <property name="allowNonPrintableEscapes" value="false"/>
        </module>
        <module name="LineLength">
            <property name="max" value="120"/>
            <property name="ignorePattern" value="^package.*|^import.*|a href|href|http://|https://|ftp://"/>
        </module>
        <module name="AvoidStarImport"/>
        <module name="OneTopLevelClass"/>
        <module name="NoLineWrap">
            <property name="tokens" value="IMPORT"/>
        </module>
        <module name="NeedBraces"/>
        <module name="OneStatementPerLine"/>
        <module name="MissingSwitchDefault"/>
        <module name="EmptyLineSeparator">
            <property name="allowNoEmptyLineBetweenFields" value="false"/>
            <property name="allowMultipleEmptyLines" value="false"/>
            <property name="allowMultipleEmptyLinesInsideClassMembers" value="false"/>
        </module>
        <module name="Indentation">
            <property name="basicOffset" value="2"/>
            <property name="braceAdjustment" value="0"/>
            <property name="caseIndent" value="2"/>
            <property name="throwsIndent" value="2"/>
            <property name="lineWrappingIndentation" value="2"/>
            <property name="arrayInitIndent" value="2"/>
        </module>
    </module>
</module>